"ref"	"name"	"website"	"note"
"1-1-1"	"Pešačka staza kroz Subotičku peščaru"	"https://pss.rs/terenipp/pesacka-staza-kroz-suboticku-pescaru/"	""
"1-13-1"	"Čortanovačka šuma"	"https://pss.rs/terenipp/cortanovacka-suma/"	""
"1-3-2"	"Bukovački maraton - Srednja staza"	"https://pss.rs/terenipp/bukovacki-maraton-srednja-staza/"	""
"1-3-3"	"Bukovački maraton - Velika staza"	"https://pss.rs/terenipp/bukovacki-maraton-velika-staza/"	""
"1-3-4"	"Dositejevim stazama"	"https://pss.rs/terenipp/dositejevim-stazama/"	""
"1-3-5"	"Lazin vir"	"https://pss.rs/terenipp/lazin-vir/"	""
"2-11-1"	"Tri vrha Atomske banje"	"https://pss.rs/terenipp/tri-vrha-atomske-banje/"	""
"2-14-1"	"Gledićke planine (selo Ravanica-Samar-s.Ravanica)"	"https://pss.rs/terenipp/gledicke-planine-selo-ravanica-samar-s-ravanica/"	""
"2-14-10"	"STAZA 8 "LOBODERSKA""	"https://pss.rs/terenipp/staza-8-loboderska/"	""
"2-14-11"	"STAZA 9 Kružna "Zbegovište""	"https://pss.rs/terenipp/staza-9-kruzna-zbegoviste/"	""
"2-14-12"	"STAZA 10 "Moravska""	"https://pss.rs/terenipp/staza-10-moravska/"	""
"2-14-13"	"STAZA 11 "Vilindar""	"https://pss.rs/terenipp/staza-11-vilindar/"	""
"2-14-14"	"STAZA 12 "Sv. Petka""	"https://pss.rs/terenipp/staza-12-sv-petka/"	""
"2-14-15"	"STAZA 13 Leševo-Samar"	"https://pss.rs/terenipp/staza-13-lesevo-samar/"	""
"2-14-16"	"Selo Ravanica-manastir Kalenić. Samar. Stubal"	"https://pss.rs/terenipp/selo-ravanica-manastir-kalenic-samar-stubal/"	""
"2-14-17"	"Županjevac"	"https://pss.rs/terenipp/zupanjevac/"	""
"2-14-18"	"Veliki Blagotin"	"https://pss.rs/terenipp/veliki-blagotin/"	""
"2-14-2"	"Gledićke planine (s.Ravanica-G.Planine-S.Stubal)"	"https://pss.rs/terenipp/gledicke-planine-s-ravanica-g-planine-s-stubal/"	""
"2-14-3"	"Staza zdravlja 1"	"https://pss.rs/terenipp/staza-zdravlja-1/"	""
"2-14-4"	"Staza zdravlja 2"	"https://pss.rs/terenipp/staza-zdravlja-2/"	""
"2-14-5"	"Staza zdravlja 3 (Kamena kugla)"	"https://pss.rs/terenipp/staza-zdravlja-3-kamena-kugla/"	""
"2-14-6"	"STAZA ZDRAVLJA 4"	"https://pss.rs/terenipp/staza-zdravlja-4/"	""
"2-14-7"	"STAZA ZDRAVLJA 5 "ĐUROVAČA""	"https://pss.rs/terenipp/staza-zdravlja-5-djurovaca/"	""
"2-14-8"	"Staza 6 (Kamidžor-lepa staza)"	"https://pss.rs/terenipp/3892/"	""
"2-14-9"	"STAZA 7 "ADŽEVAC""	"https://pss.rs/terenipp/staza-7-adzevac/"	""
"2-17-1"	"Pokajnica"	"https://pss.rs/terenipp/pokajnica/"	""
"2-17-2"	"Karađorđevim stopama"	"https://pss.rs/terenipp/karadjordjevim-stopama/"	""
"2-17-3"	"Karaula"	"https://pss.rs/terenipp/karaula/"	""
"2-18-1"	"Stazama Kolubarske bitke"	"https://pss.rs/terenipp/stazama-kolubarske-bitke/"	""
"2-5-1"	"Staza Vedrog duha"	"https://pss.rs/terenipp/staza-vedrog-duha/"	""
"2-5-2"	"Bela stena"	"https://pss.rs/terenipp/bela-stena/"	""
"2-5-3"	"Garaško jezero"	"https://pss.rs/terenipp/garasko-jezero/"	""
"2-5-4"	"Staza zadovoljstva"	"https://pss.rs/terenipp/staza-zadovoljstva/"	""
"2-5-5"	"Dr. Dušan Mitrović - Spirta"	"https://pss.rs/terenipp/dr-dusan-mitrovic-spirta/"	""
"2-8-2"	"Rudnik - Blagoveštenje"	"https://pss.rs/terenipp/rudnik-blagovestenje/"	""
"3-1-1"	"Manastir Radovašnica"	"https://pss.rs/terenipp/manastir-radovasnica/"	""
"3-1-2"	"Manastir Petkovica"	"https://pss.rs/terenipp/manastir-petkovica/"	""
"3-1-3"	"Iverak (Debeli rt)"	"https://pss.rs/terenipp/iverak-debeli-rt/"	""
"3-1-4"	"Miloševac"	"https://pss.rs/terenipp/milosevac/"	""
"3-2-1"	"Banja Badanja - Banja Crniljevo"	"https://pss.rs/terenipp/banja-badanja-banja-crniljevo/"	""
"4-31-10"	"Dikulićeva staza - Klisura Ždrelo"	"https://pss.rs/terenipp/dikuliceva-staza-klisura-zdrelo/"	""
"4-31-3"	"Čapljinac-Ravnište"	"https://pss.rs/terenipp/capljinac-ravniste/"	""
"4-39-1"	"Ostrovica - Gradac"	"https://pss.rs/terenipp/ostrovica-gradac/"	""
"4-39-2"	"Ostrovica - Pleš"	"https://pss.rs/terenipp/ostrovica-ples/"	""
"4-40-1"	"Niševačka klisura"	"https://pss.rs/terenipp/nisevacka-klisura/"	"20260915 kretanje železničkom prugom kroz tunele? preneseno iz note-map (job/pss.clj)"
"4-45-3"	"Čitluk - Krstatac"	"https://pss.rs/terenipp/citluk-krstatac/"	"20260915 gpx je problematičan, deluje da je kružna staza preneseno iz note-map (job/pss.clj)"
"4-47-3"	"Kamenica - Srećkovo vrelo - Kamenička karaula"	"https://pss.rs/terenipp/kamenica-sreckovo-vrelo-kamenicka-karaula/"	"20260915 malo poklapanja sa putevima i tragovima, dugo nije markirana preneseno iz note-map (job/pss.clj)"
"4-54-1"	"Meandri Timoka"	"https://pss.rs/terenipp/meandri-timoka/"	""
"4-7-1"	"Lazarica - Bela staza"	"https://pss.rs/terenipp/lazarica-bela-staza/"	""
"5-12-24"	"Kotroman - Krsmanovića potok"	"https://pss.rs/terenipp/kotroman-krsmanovica-potok/"	""
"5-15-1"	"Debela gora"	"https://pss.rs/terenipp/debela-gora/"	""
"5-17-3"	"Ratkova staza"	"https://pss.rs/terenipp/ratkova-staza/"	""
"5-23-1"	"Katići - Mučanj"	"https://pss.rs/terenipp/katici-mucanj/"	""
"5-24-1"	"Čemerno"	"https://pss.rs/terenipp/cemerno/"	""
"5-24-2"	"Bresnik-Gornja Dubočica- Maglič"	"https://pss.rs/terenipp/bresnik-gornja-dubocica-maglic/"	""
"5-26-1"	"Maglič-Troglav-Stanča"	"https://pss.rs/terenipp/maglic-troglav-stanca/"	""
"5-3-1"	"Kaluđerske Bare - Zborište"	"https://pss.rs/terenipp/kaludjerske-bare-zboriste/"	""
"5-3-12"	"Lađevac - Sokolina"	"https://pss.rs/terenipp/ladjevac-sokolina/"	""
"5-3-21"	"Mitrovac – Beserovačke bare - Zborište"	"https://pss.rs/terenipp/mitrovac-beserovacke-bare-zboriste/"	""
"5-3-23"	"Mitrovac - Predov Krst"	"https://pss.rs/terenipp/mitrovac-predov-krst/"	""
"5-3-25"	"Mitrovac - Gorišice - Banjska stena"	"https://pss.rs/terenipp/mitrovac-gorisice-banjska-stena/"	""
"5-3-3"	"Kaluđerske Bare - manastir Rača"	"https://pss.rs/terenipp/kaludjerske-bare-manastir-raca/"	""
"5-3-6"	"Đurino brdo - Jarevac - Borovo brdo"	"https://pss.rs/terenipp/djurino-brdo-jarevac-borovo-brdo/"	""
"5-4-26"	"Luke - Ravna stena"	"https://pss.rs/terenipp/luke-ravna-stena/"	""
"5-4-27"	"Luke - Sklopovi"	"https://pss.rs/terenipp/luke-sklopovi/"	""
"5-4-28"	"Dikava - Janjač"	"https://pss.rs/terenipp/dikava-janjac/"	""
"5-4-31"	"Sedaljka – Orlov vis – Bilješka stena"	"https://pss.rs/terenipp/sedaljka-orlov-vis-biljeska-stena/"	""
"5-4-32"	"Sedaljka – Banjska stena"	"https://pss.rs/terenipp/sedaljka-banjska-stena/"	""
"5-4-33"	"Sedaljka - Sjenič"	"https://pss.rs/terenipp/sedaljka-sjenic/"	""
"5-4-34"	"Sedaljka - Mramorje"	"https://pss.rs/terenipp/sedaljka-mramorje/"	""
"5-4-41"	"Predov Krst – Vidikovac Štula"	"https://pss.rs/terenipp/predov-krst-vidikovac-stula/"	""
"5-4-42"	"Predov Krst – Veliki Stolac"	"https://pss.rs/terenipp/predov-krst-veliki-stolac/"	""
"5-4-44"	"Mrka Kosa – Kozji Rid"	"https://pss.rs/terenipp/mrka-kosa-kozji-rid/"	""
"5-4-46"	"Predov Krst – Bilješka stena"	"https://pss.rs/terenipp/predov-krst-biljeska-stena/"	""
"5-46-1"	"Bojevo brdo"	"https://pss.rs/terenipp/bojevo-brdo/"	""
"5-46-2"	"Jankov kamen"	"https://pss.rs/terenipp/jankov-kamen/"	""
"5-46-3"	"Dajići - Okruglica"	"https://pss.rs/terenipp/dajici-okruglica/"	""
"5-46-4"	"Jezero Okruglica"	"https://pss.rs/terenipp/jezero-okruglica/"	""
"5-47-1"	"Košaninova jezera"	"https://pss.rs/terenipp/kosaninova-jezera/"	""
"5-65-1"	"Priboj (stari deo grada) - Crni vrh"	"https://pss.rs/terenipp/priboj-stari-deo-grada-crni-vrh/"	""
"6-10-1"	"Konaci - Kadijevac"	"https://pss.rs/terenipp/konaci-kadijevac/"	""
"6-12-1"	"Staza 1 Željin iz Polja"	"https://pss.rs/terenipp/staza-1-zeljin-iz-polja/"	""
"6-12-2"	"Staza 2 Nerađa-Koznik"	"https://pss.rs/terenipp/staza-2-neradja-koznik/"	""
"6-2-1"	"Staza zdravlja Strmenice"	"https://pss.rs/terenipp/staza-zdravlja-strmenice/"	""
"6-21-2"	"Pešački maraton / Srpsko - turskom granicom iz 1834. god"	"https://pss.rs/terenipp/pesacki-maraton-srpsko-turskom-granicom-iz-1834-god/"	""
"6-3-1"	"Žiča-Stolovi-Mataruška banja"	"https://pss.rs/terenipp/zica-stolovi-mataruska-banja/"	""
"6-3-2"	"Stolovi (manastir Žiča-Lipar-Mataruška banja)"	"https://pss.rs/terenipp/stolovi-manastir-zica-lipar-mataruska-banja/"	""
"6-3-3"	"Severne staze Lipara"	"https://pss.rs/terenipp/severne-staze-lipara/"	""
"6-3-4"	"Oštra Glavica, narandžasta staza"	"https://pss.rs/terenipp/ostra-glavica-narandzasta-staza/"	""
"6-3-5"	"Oštra Glavica, zelena staza"	"https://pss.rs/terenipp/ostra-glavica-zelena-staza/"	""
"6-3-6"	"Oštra Glavica, crvena staza"	"https://pss.rs/terenipp/ostra-glavica-crvena-staza/"	""
"6-3-7"	"Oštra Glavica, plava staza"	"https://pss.rs/terenipp/ostra-glavica-plava-staza/"	""
"6-3-8"	"Crna reka"	"https://pss.rs/terenipp/crna-reka/"	""
"6-3-9"	"Narcisu u pohode"	"https://pss.rs/terenipp/narcisu-u-pohode/"	""
"6-5-1"	"Staza zdravlja "Rogovi""	"https://pss.rs/terenipp/staza-zdravlja-rogovi/"	""
"6-5-2"	"Vinska tura "Sođina staza""	"https://pss.rs/terenipp/vinska-tura-sodjina-staza/"	""
"6-5-3"	"Vinska tura "Prokupac""	"https://pss.rs/terenipp/vinska-tura-prokupac/"	""
"6-5-4"	"Stopama Miloša Obilića"	"https://pss.rs/terenipp/stopama-milosa-obilica/"	""
"6-5-5"	"Veluće-Lisac"	"https://pss.rs/terenipp/veluce-lisac/"	""
"6-5-6"	"kružna "Ljukten""	"https://pss.rs/terenipp/kruzna-ljukten/"	""
"6-5-7"	"Grebenska "Ljukten""	"https://pss.rs/terenipp/grebenska-ljukten/"	""
"6-5-8"	"Crni Vrh"	"https://pss.rs/terenipp/crni-vrh/"	""
"7-10-1"	"Staza vranjskog planinarskog maratona"	"https://pss.rs/terenipp/staza-vranjskog-planinarskog-maratona/"	""
"7-20-1"	"Vranjska banja - Planinarski dom Besna Kobila"	"https://pss.rs/terenipp/vranjska-banja-planinarski-dom-besna-kobila/"	""
"7-20-2"	"Uspon na Besnu Kobilu"	"https://pss.rs/terenipp/uspon-na-besnu-kobilu/"	""
"7-20-3"	"Vodopad Damjanik"	"https://pss.rs/terenipp/vodopad-damjanik/"	""
"7-20-4"	"Kukavica-Besna Kobila"	"https://pss.rs/terenipp/deonica-e7-kukavica-besna-kobila/"	""
"7-20-5"	"Vlasinsko jezero - Prohor Pčinjski"	"https://pss.rs/terenipp/deonica-e7-vlasinsko-jezero-prohor-pcinjski/"	""
"7-22-4"	"Donji Del – Veliki Čemernik (staza br. 6)"	"https://pss.rs/terenipp/7-22-4/"	""
"7-27-1"	"Promaja – Veliki Strešer (staza br. 1)"	"https://pss.rs/terenipp/7-27-1/"	""
"7-27-2"	"Topli do – Veliki Strešer (staza br. 2)"	"https://pss.rs/terenipp/7-27-2/"	""
"7-27-3"	"Valjavica – Veliki Strešer (staza br. 3)"	"https://pss.rs/terenipp/7-27-3/"	""
"7-3-1"	"Gornja Studena - manastir Veta"	"https://pss.rs/terenipp/gornja-studena-manastir-veta/"	""
"7-3-2"	"Bojanine vode – Mosor - Rajac"	"https://pss.rs/terenipp/bojanine-vode-mosor-rajac/"	""
"7-9-11"	"Staza br. 11 "Rašin laz""	"https://pss.rs/terenipp/staza-br-11-rasin-laz/"	""
"7-9-14"	"Staza br. 14. "Palje""	"https://pss.rs/terenipp/staza-br-14-palje/"	""
"7-9-4"	"Staza br. 4 "Čukare""	"https://pss.rs/terenipp/staza-br-4-cukare/"	""
"7-9-5"	"Staza br. 5 "Žutajka""	"https://pss.rs/terenipp/staza-br-5-zutajka/"	""
"7-9-7"	"Staza br. 7 "Dren""	"https://pss.rs/terenipp/staza-br-7-dren/"	""
"E4-1"	"Granica Mađarske-Horgoš 2-Ada"	"https://pss.rs/terenipp/granica-madjarske-horgos2-ada/"	"https://www.openstreetmap.org/relation/14185952 #mapignore 20260915 Е путеви привремено уклоњени са мапе"
"E4-10"	"Đerdap hidroelektrana - Sikole"	"https://pss.rs/terenipp/e4-10/"	"https://www.openstreetmap.org/relation/14206055 #mapignore 20260915 Е путеви привремено уклоњени са мапе"
"E4-11"	"Krivelj - Sokobanja"	"https://pss.rs/terenipp/krivelj-soko-banja/"	"https://www.openstreetmap.org/relation/14206054 #mapignore 20260915 Е путеви привремено уклоњени са мапе"
"E4-12"	"Sokobanja - Jalovik"	"https://pss.rs/terenipp/e4-12/"	"#mapignore 20260915 Е пут није мапиран током пројекта"
"E4-13"	"Jalovik - Gradina"	"https://pss.rs/terenipp/e4-13/"	"#mapignore 20260915 Е пут није мапиран током пројекта"
"E4-2"	"Ada - Zrenjanin"	"https://pss.rs/terenipp/ada-zrenjanin/"	"https://www.openstreetmap.org/relation/14191834 #mapignore 20260915 Е путеви привремено уклоњени са мапе"
"E4-3"	"Zrenjanin - Padina"	"https://pss.rs/terenipp/zrenjanin-padina/"	"https://www.openstreetmap.org/relation/14192820 #mapignore 20260915 Е путеви привремено уклоњени са мапе"
"E4-4"	"Padina - Krnjača (Beograd)"	"https://pss.rs/terenipp/padina-krnjaca-beograd/"	"https://www.openstreetmap.org/relation/14194463 #mapignore 20260915 Е путеви привремено уклоњени са мапе"
"E4-5"	"Beograd (Krnjača) - Osipaonica"	"https://pss.rs/terenipp/e4-5/"	"https://www.openstreetmap.org/relation/18981432 #mapignore 20260915 Е путеви привремено уклоњени са мапе"
"E4-6"	"Osipaonica - Veliko Gradište"	"https://pss.rs/terenipp/e4-6/"	"https://www.openstreetmap.org/relation/19199003 #mapignore 20260915 Е путеви привремено уклоњени са мапе"
"E4-7"	"Veliko Gradište - Beljanica vrh"	"https://pss.rs/terenipp/e4-7/"	"https://www.openstreetmap.org/relation/19232993 #mapignore 20260915 Е путеви привремено уклоњени са мапе"
"E4-8"	"Beljanica vrh - Lepenski Vir"	"https://pss.rs/terenipp/e4-8/"	"https://www.openstreetmap.org/relation/19282616 #mapignore 20260915 Е путеви привремено уклоњени са мапе"
"E4-9"	"Lepenski Vir - Đerdap hidroelektrana"	"https://pss.rs/terenipp/e4-9/"	"https://www.openstreetmap.org/relation/19505827 #mapignore 20260915 Е путеви привремено уклоњени са мапе"
"E7-1"	"Bački Vinogradi - Stari Žednik"	"https://pss.rs/terenipp/e7-1/"	"https://www.openstreetmap.org/relation/18335543 #mapignore 20260915 Е путеви привремено уклоњени са мапе"
"E7-10"	"Ovčar banja - Kremna"	"https://pss.rs/terenipp/e7-10/"	"https://www.openstreetmap.org/relation/17610623 #mapignore 20260915 Е путеви привремено уклоњени са мапе"
"E7-10-11"	"Ovčar banja -Arilje - Čajetina - Kremna - Tara - Mokra gora - Zlatibor - Murtenica (Brijač)"	"https://pss.rs/terenipp/ovcar-banja-arilje-cajetina-kremna-tara-mokra-gora-zlatibor-murtenica-brijac/"	"#mapignore 20250323 mislim da je stara spojena verzija 10 i 11. preskocio u mapiranju, cimao slobodana preneseno iz note-map (job/pss.clj)"
"E7-10-4"	"Drežnik"	"https://pss.rs/terenipp/dreznik/"	"#mapignore 20250323 segment E7-10, pitao slobodana, preskocio u mapiranju preneseno iz note-map (job/pss.clj)"
"E7-10-5"	"Čajetina"	"https://pss.rs/terenipp/cajetina/"	"#mapignore 20250323 segment E7-10, pitao slobodana, preskocio u mapiranju preneseno iz note-map (job/pss.clj)"
"E7-10-6"	"Kremna"	"https://pss.rs/terenipp/kremna/"	"#mapignore 20250323 segment E7-10, pitao slobodana, preskocio u mapiranju preneseno iz note-map (job/pss.clj)"
"E7-11"	"Kremna - Murtenica"	"https://pss.rs/terenipp/e7-11/"	"https://www.openstreetmap.org/relation/18360637 #mapignore 20260915 Е путеви привремено уклоњени са мапе"
"E7-11-1"	"Tara"	"https://pss.rs/terenipp/tara/"	"#mapignore 20250323 segment E7-11, preskocio u mapiranju za sada, proveriti sa slobodanom preneseno iz note-map (job/pss.clj)"
"E7-11-2"	"Zvijezda"	"https://pss.rs/terenipp/zvijezda/"	"#mapignore 20250323 segment E7-11, preskocio u mapiranju za sada, proveriti sa slobodanom preneseno iz note-map (job/pss.clj)"
"E7-11-3"	"Mokra Gora"	"https://pss.rs/terenipp/mokra-gora/"	"#mapignore 20250323 segment E7-11, preskocio u mapiranju za sada, proveriti sa slobodanom preneseno iz note-map (job/pss.clj)"
"E7-11-4"	"Zlatibor"	"https://pss.rs/terenipp/zlatibor/"	"#mapignore 20250323 segment E7-11, preskocio u mapiranju za sada, proveriti sa slobodanom preneseno iz note-map (job/pss.clj)"
"E7-11-5"	"Sirogojno"	"https://pss.rs/terenipp/sirogojno/"	"#mapignore 20250323 segment E7-11, preskocio u mapiranju za sada, proveriti sa slobodanom preneseno iz note-map (job/pss.clj)"
"E7-12"	"Brijač - Uvac - Sopotnica - Sjenica"	"https://pss.rs/terenipp/brijac-uvac-sopotnica-sjenica/"	"https://www.openstreetmap.org/relation/11753312 #mapignore 20260915 Е путеви привремено уклоњени са мапе"
"E7-12-1"	"Janja"	"https://pss.rs/terenipp/janja/"	"#mapignore 20250323 segment E7-12, preskocio u mapiranju za sada, proveriti sa slobodanom preneseno iz note-map (job/pss.clj)"
"E7-12-2"	"Pribojska Banja"	"https://pss.rs/terenipp/pribojska-banja/"	"#mapignore 20250323 segment E7-12, preskocio u mapiranju za sada, proveriti sa slobodanom preneseno iz note-map (job/pss.clj)"
"E7-12-3"	"Mažići"	"https://pss.rs/terenipp/mazici/"	"#mapignore 20250323 segment E7-12, preskocio u mapiranju za sada, proveriti sa slobodanom preneseno iz note-map (job/pss.clj)"
"E7-12-4"	"Jabuka"	"https://pss.rs/terenipp/jabuka/"	"#mapignore 20250323 segment E7-12, preskocio u mapiranju za sada, proveriti sa slobodanom preneseno iz note-map (job/pss.clj)"
"E7-12-5"	"Kamena Gora"	"https://pss.rs/terenipp/kamena-gora/"	"#mapignore 20250323 segment E7-12, preskocio u mapiranju za sada, proveriti sa slobodanom preneseno iz note-map (job/pss.clj)"
"E7-12-6"	"Sopotnica"	"https://pss.rs/terenipp/sopotnica/"	"#mapignore 20250323 segment E7-12, preskocio u mapiranju za sada, proveriti sa slobodanom preneseno iz note-map (job/pss.clj)"
"E7-12a"	"Ojkovica - Kokin Brod -Kamena gora - Sopotnica (devijacija)"	"https://pss.rs/terenipp/ojkovica-kokin-brod-kamena-gora-sopotnica-devijacija/"	"#mapignore"
"E7-13"	"Sjenica - Gradac"	"https://pss.rs/terenipp/e7-13/"	"https://www.openstreetmap.org/relation/18368092 #mapignore 20260915 Е путеви привремено уклоњени са мапе"
"E7-14"	"Gradac - Kriva Reka"	"https://pss.rs/terenipp/e7-14/"	"https://www.openstreetmap.org/relation/18371638 #mapignore 20260915 Е путеви привремено уклоњени са мапе"
"E7-15"	"Kriva Reka - Žuč"	"https://pss.rs/terenipp/e7-15/"	"https://www.openstreetmap.org/relation/18374951 #mapignore 20260915 Е путеви привремено уклоњени са мапе"
"E7-16"	"Selova - Blace - Veliki Jastrebac - Mali Jastrebac - Tešica - G.Trnava"	"https://pss.rs/terenipp/selova-blace-v-jastrebac-m-jastrebac-tesica-g-trnava/"	"https://www.openstreetmap.org/relation/14185390 #mapignore 20260915 Е путеви привремено уклоњени са мапе"
"E7-17"	"Gornja Trnava - Vlasotince"	"https://pss.rs/terenipp/e7-17/"	"https://www.openstreetmap.org/relation/18404717 #mapignore 20260915 Е путеви привремено уклоњени са мапе"
"E7-18"	"Vlasotince - Prohor Pčinjski"	"https://pss.rs/terenipp/e7-18/"	"https://www.openstreetmap.org/relation/18397689 #mapignore 20260915 Е путеви привремено уклоњени са мапе"
"E7-19"	"Devijacija: Žuč - Lebane"	"https://pss.rs/terenipp/e7-19/"	"https://www.openstreetmap.org/relation/18378518 #mapignore 20260915 Е путеви привремено уклоњени са мапе"
"E7-2"	"Stari Žednik - Sombor"	"https://pss.rs/terenipp/e7-2/"	"https://www.openstreetmap.org/relation/18335542 #mapignore 20260915 Е путеви привремено уклоњени са мапе"
"E7-20"	"Devijacija: Lebane - Sveti Ilija"	"https://pss.rs/terenipp/e7-20/"	"https://www.openstreetmap.org/relation/18391888 #mapignore 20260915 Е путеви привремено уклоњени са мапе"
"E7-3"	"Sombor - Bač"	"https://pss.rs/terenipp/e7-3/"	"https://www.openstreetmap.org/relation/18331386 #mapignore 20260915 Е путеви привремено уклоњени са мапе"
"E7-4"	"Bač - Novi Sad"	"https://pss.rs/terenipp/e7-4/"	"https://www.openstreetmap.org/relation/18206217 #mapignore 20260915 Е путеви привремено уклоњени са мапе"
"E7-5"	"Novi Sad - Sremska Mitrovica"	"https://pss.rs/terenipp/e7-5/"	"https://www.openstreetmap.org/relation/12499130 #mapignore 20260915 Е путеви привремено уклоњени са мапе"
"E7-6"	"Sremska Mitrovica - Cer"	"https://pss.rs/terenipp/e7-6/"	"https://www.openstreetmap.org/relation/18335544 #mapignore 20260915 Е путеви привремено уклоњени са мапе"
"E7-7"	"Cer - Krupanj"	"https://pss.rs/terenipp/e7-7/"	"https://www.openstreetmap.org/relation/18345452 #mapignore 20260915 Е путеви привремено уклоњени са мапе"
"E7-8"	"Krupanj - Ljubovija - Valjevo - Divčibare"	"https://pss.rs/terenipp/krupanj-ljubovija-valjevo-divcibare/"	"https://www.openstreetmap.org/relation/14177412 #mapignore 20260915 Е путеви привремено уклоњени са мапе"
"E7-9"	"Divčibare - Rajac - Rudnik - Ovčar banja"	"https://pss.rs/terenipp/divcibare-rajac-rudnik-ovcar-banja/"	"https://www.openstreetmap.org/relation/14180878 #mapignore 20260915 Е путеви привремено уклоњени са мапе"
"T-1-9"	"Fruškogorska transverzala"	"https://pss.rs/terenipp/fruskogorska-transverzala/"	"20260921 званични траг одступа од реалности"
"T-2-25"	"Transverzala "FRA""	"https://pss.rs/terenipp/transverzala-fra/"	""
"T-2-31"	"Gledićka transverzala"	"https://pss.rs/terenipp/gledicka-transverzala/"	""
"T-2-39"	"Orašac - Oplenac"	"https://pss.rs/terenipp/4328/"	""
"T-2-6"	"Rudničke staze"	"https://pss.rs/terenipp/rudnicke-staze/"	""
"T-5-4"	"Golijska transverzala"	"https://pss.rs/terenipp/golijska-transverzala/"	""
"T-6-1"	"Josif Pančić Kopaonik"	"https://pss.rs/terenipp/josif-pancic-kopaonik/"	""
"T-6-34"	"Žaračka transverzala"	"https://pss.rs/terenipp/zaracka-transverzala/"	""
"T-6-37"	"Mala Toplička transverzala"	"https://pss.rs/terenipp/mala-toplicka-transverzala/"	""
"T-7-38"	"Vlasinska transverzala"	"https://pss.rs/terenipp/vlasinska-transverzala/"	""
